"";"title";"Year"
"1";"Everything Everywhere All at Once";"2022"
"2";"All Quiet on the Western Front";"2022"
"3";"The Whale";"2022"
"4";"Top Gun: Maverick";"2022"
"5";"Black Panther: Wakanda Forever";"2022"
"6";"Avatar: The Way of Water";"2022"
"7";"Women Talking";"2022"
"8";"Guillermo del Toro's Pinocchio";"2022"
"9";"Navalny";"2022"
"10";"The Elephant Whisperers";"2022"
"11";"An Irish Goodbye";"2022"
"12";"The Boy, the Mole, the Fox and the Horse";"2022"
"13";"RRR";"2022"
"14";"CODA";"2021"
"15";"Dune";"2021"
"16";"The Eyes of Tammy Faye";"2021"
"17";"No Time to Die";"2021"
"18";"The Windshield Wiper";"2021"
"19";"The Long Goodbye";"2021"
"20";"The Queen of Basketball";"2021"
"21";"Summer of Soul";"2021"
"22";"Drive My Car";"2021"
"23";"Encanto";"2021"
"24";"West Side Story";"2021"
"25";"Belfast";"2021"
"26";"The Power of the Dog";"2021"
"27";"King Richard";"2021"
"28";"Cruella";"2021"
"29";"Nomadland";"2020/21"
"30";"The Father";"2020/21"
"31";"Judas and the Black Messiah";"2020/21"
"32";"Minari";"2020/21"
"33";"Mank";"2020/21"
"34";"Sound of Metal";"2020/21"
"35";"Ma Rainey's Black Bottom";"2020/21"
"36";"Promising Young Woman";"2020/21"
"37";"Tenet";"2020/21"
"38";"Soul";"2020/21"
"39";"Another Round";"2020/21"
"40";"My Octopus Teacher";"2020/21"
"41";"Colette";"2020/21"
"42";"If Anything Happens I Love You";"2020/21"
"43";"Two Distant Strangers";"2020/21"
"44";"Parasite";"2019"
"45";"Ford v Ferrari";"2019"
"46";"Learning to Skateboard in a Warzone (If You're a Girl)";"2019"
"47";"The Neighbors' Window";"2019"
"48";"Little Women";"2019"
"49";"Marriage Story";"2019"
"50";"Jojo Rabbit";"2019"
"51";"Toy Story 4";"2019"
"52";"Joker";"2019"
"53";"Once Upon a Time in Hollywood";"2019"
"54";"1917";"2019"
"55";"Judy";"2019"
"56";"Bombshell";"2019"
"57";"Rocketman";"2019"
"58";"American Factory";"2019"
"59";"Hair Love";"2019"
"60";"Green Book";"2018"
"61";"Bohemian Rhapsody";"2018"
"62";"Roma";"2018"
"63";"Black Panther";"2018"
"64";"The Favourite";"2018"
"65";"A Star Is Born";"2018"
"66";"Vice";"2018"
"67";"BlacKkKlansman";"2018"
"68";"First Man";"2018"
"69";"If Beale Street Could Talk";"2018"
"70";"Bao";"2018"
"71";"Free Solo";"2018"
"72";"Period. End of Sentence.";"2018"
"73";"Skin";"2018"
"74";"Spider-Man: Into the Spider-Verse";"2018"
"75";"The Shape of Water";"2017"
"76";"Dunkirk";"2017"
"77";"Three Billboards Outside Ebbing, Missouri";"2017"
"78";"Darkest Hour";"2017"
"79";"Blade Runner 2049";"2017"
"80";"Coco";"2017"
"81";"Phantom Thread";"2017"
"82";"Call Me by Your Name";"2017"
"83";"Get Out";"2017"
"84";"I, Tonya";"2017"
"85";"Dear Basketball";"2017"
"86";"A Fantastic Woman";"2017"
"87";"Heaven Is a Traffic Jam on the 405";"2017"
"88";"Icarus";"2017"
"89";"The Silent Child";"2017"
"90";"Flesh and Sand (Carne y arena)";"2017"
"91";"Moonlight";"2016"
"92";"La La Land";"2016"
"93";"Hacksaw Ridge";"2016"
"94";"Manchester by the Sea";"2016"
"95";"Arrival";"2016"
"96";"Fences";"2016"
"97";"Fantastic Beasts and Where to Find Them";"2016"
"98";"The Jungle Book";"2016"
"99";"O.J.: Made in America";"2016"
"100";"Piper";"2016"
"101";"The Salesman";"2016"
"102";"Sing";"2016"
"103";"Suicide Squad";"2016"
"104";"The White Helmets";"2016"
"105";"Zootopia";"2016"
"106";"Spotlight";"2015"
"107";"Mad Max: Fury Road";"2015"
"108";"The Revenant";"2015"
"109";"Bridge of Spies";"2015"
"110";"The Big Short";"2015"
"111";"The Danish Girl";"2015"
"112";"Room";"2015"
"113";"The Hateful Eight";"2015"
"114";"Ex Machina";"2015"
"115";"Inside Out";"2015"
"116";"Amy";"2015"
"117";"Bear Story";"2015"
"118";"A Girl in the River: The Price of Forgiveness";"2015"
"119";"Son of Saul";"2015"
"120";"Spectre";"2015"
"121";"Stutterer";"2015"
"122";"Birdman or (The Unexpected Virtue of Ignorance)";"2014"
"123";"The Grand Budapest Hotel";"2014"
"124";"Whiplash";"2014"
"125";"The Imitation Game";"2014"
"126";"American Sniper";"2014"
"127";"Boyhood";"2014"
"128";"Interstellar";"2014"
"129";"The Theory of Everything";"2014"
"130";"Ida";"2014"
"131";"Selma";"2014"
"132";"Citizenfour";"2014"
"133";"Big Hero 6";"2014"
"134";"Crisis Hotline: Veterans Press 1";"2014"
"135";"The Phone Call";"2014"
"136";"Still Alice";"2014"
"137";"Feast";"2014"
"138";"12 Years a Slave";"2013"
"139";"Gravity";"2013"
"140";"Dallas Buyers Club";"2013"
"141";"Frozen";"2013"
"142";"The Great Gatsby";"2013"
"143";"Her";"2013"
"144";"Blue Jasmine";"2013"
"145";"Mr Hublot";"2013"
"146";"The Lady in Number 6";"2013"
"147";"Helium";"2013"
"148";"The Great Beauty";"2013"
"149";"20 Feet from Stardom";"2013"
"150";"Argo";"2012"
"151";"Life of Pi";"2012"
"152";"Les Misérables";"2012"
"153";"Lincoln";"2012"
"154";"Django Unchained";"2012"
"155";"Skyfall";"2012"
"156";"Silver Linings Playbook";"2012"
"157";"Zero Dark Thirty";"2012"
"158";"Amour";"2012"
"159";"Anna Karenina";"2012"
"160";"Paperman";"2012"
"161";"Brave";"2012"
"162";"Searching for Sugar Man";"2012"
"163";"Inocente";"2012"
"164";"Curfew";"2012"
"165";"The Artist";"2011"
"166";"Hugo";"2011"
"167";"The Iron Lady";"2011"
"168";"The Descendants";"2011"
"169";"The Girl with the Dragon Tattoo";"2011"
"170";"Midnight in Paris";"2011"
"171";"The Help";"2011"
"172";"A Separation";"2011"
"173";"The Fantastic Flying Books of Mr. Morris Lessmore";"2011"
"174";"The Shore";"2011"
"175";"Undefeated";"2011"
"176";"The Muppets";"2011"
"177";"Saving Face";"2011"
"178";"Beginners";"2011"
"179";"Rango";"2011"
"180";"The King's Speech";"2010"
"181";"Inception";"2010"
"182";"The Social Network";"2010"
"183";"The Fighter";"2010"
"184";"Toy Story 3";"2010"
"185";"Alice in Wonderland";"2010"
"186";"Black Swan";"2010"
"187";"In a Better World";"2010"
"188";"The Lost Thing";"2010"
"189";"God of Love";"2010"
"190";"The Wolfman";"2010"
"191";"Strangers No More";"2010"
"192";"Inside Job";"2010"
"193";"The Hurt Locker";"2009"
"194";"Avatar";"2009"
"195";"Precious";"2009"
"196";"Up";"2009"
"197";"Crazy Heart";"2009"
"198";"Inglourious Basterds";"2009"
"199";"Star Trek";"2009"
"200";"The Young Victoria";"2009"
"201";"The Blind Side";"2009"
"202";"Music by Prudence";"2009"
"203";"The Secret in Their Eyes";"2009"
"204";"The Cove";"2009"
"205";"The New Tenants";"2009"
"206";"Logorama";"2009"
"207";"Slumdog Millionaire";"2008"
"208";"The Curious Case of Benjamin Button";"2008"
"209";"Milk";"2008"
"210";"The Dark Knight";"2008"
"211";"WALL-E";"2008"
"212";"The Reader";"2008"
"213";"The Duchess";"2008"
"214";"Departures";"2008"
"215";"Vicky Cristina Barcelona";"2008"
"216";"Smile Pinki";"2008"
"217";"Man on Wire";"2008"
"218";"Toyland";"2008"
"219";"La Maison en Petits Cubes";"2008"
"220";"No Country for Old Men";"2007"
"221";"The Bourne Ultimatum";"2007"
"222";"There Will Be Blood";"2007"
"223";"La Vie en rose";"2007"
"224";"Atonement";"2007"
"225";"Michael Clayton";"2007"
"226";"Ratatouille";"2007"
"227";"Juno";"2007"
"228";"Sweeney Todd: The Demon Barber of Fleet Street";"2007"
"229";"The Golden Compass";"2007"
"230";"Elizabeth: The Golden Age";"2007"
"231";"Taxi to the Dark Side";"2007"
"232";"Peter & the Wolf";"2007"
"233";"Once";"2007"
"234";"Le Mozart des pickpockets";"2007"
"235";"The Counterfeiters (Die Fälscher)";"2007"
"236";"Freeheld";"2007"
"237";"The Departed";"2006"
"238";"Pan's Labyrinth (El laberinto del fauno)";"2006"
"239";"Dreamgirls";"2006"
"240";"Little Miss Sunshine";"2006"
"241";"An Inconvenient Truth";"2006"
"242";"Babel";"2006"
"243";"The Queen";"2006"
"244";"Letters from Iwo Jima";"2006"
"245";"Pirates of the Caribbean: Dead Man's Chest";"2006"
"246";"The Danish Poet";"2006"
"247";"Happy Feet";"2006"
"248";"The Last King of Scotland";"2006"
"249";"The Lives of Others (Das Leben der Anderen)";"2006"
"250";"Marie Antoinette";"2006"
"251";"West Bank Story";"2006"
"252";"The Blood of Yingzhou District";"2006"
"253";"Crash";"2005"
"254";"Brokeback Mountain";"2005"
"255";"Memoirs of a Geisha";"2005"
"256";"King Kong";"2005"
"257";"Capote";"2005"
"258";"Walk the Line";"2005"
"259";"The Constant Gardener";"2005"
"260";"The Chronicles of Narnia: The Lion, the Witch and the Wardrobe";"2005"
"261";"Hustle & Flow";"2005"
"262";"Syriana";"2005"
"263";"March of the Penguins (La Marche de l'empereur)";"2005"
"264";"Six Shooter";"2005"
"265";"The Moon and the Son: An Imagined Conversation";"2005"
"266";"A Note of Triumph: The Golden Age of Norman Corwin";"2005"
"267";"Tsotsi";"2005"
"268";"Wallace & Gromit: The Curse of the Were-Rabbit";"2005"
"269";"Million Dollar Baby";"2004"
"270";"The Aviator";"2004"
"271";"Ray";"2004"
"272";"The Incredibles";"2004"
"273";"Finding Neverland";"2004"
"274";"Sideways";"2004"
"275";"Lemony Snicket's A Series of Unfortunate Events";"2004"
"276";"Spider-Man 2";"2004"
"277";"Eternal Sunshine of the Spotless Mind";"2004"
"278";"The Motorcycle Diaries";"2004"
"279";"The Sea Inside";"2004"
"280";"Born into Brothels";"2004"
"281";"Mighty Times: The Children's March";"2004"
"282";"Wasp";"2004"
"283";"Ryan";"2004"
"284";"The Lord of the Rings: The Return of the King";"2003"
"285";"Master and Commander: The Far Side of the World";"2003"
"286";"Mystic River";"2003"
"287";"Cold Mountain";"2003"
"288";"Lost in Translation";"2003"
"289";"Finding Nemo";"2003"
"290";"The Barbarian Invasions";"2003"
"291";"Two Soldiers";"2003"
"292";"Monster";"2003"
"293";"Harvie Krumpet";"2003"
"294";"Chernobyl Heart";"2003"
"295";"The Fog of War";"2003"
"296";"Chicago";"2002"
"297";"The Pianist";"2002"
"298";"The Lord of the Rings: The Two Towers";"2002"
"299";"Frida";"2002"
"300";"The Hours";"2002"
"301";"Road to Perdition";"2002"
"302";"Adaptation";"2002"
"303";"Talk to Her (Hable con ella)";"2002"
"304";"This Charming Man (Der Er En Yndig Mand)";"2002"
"305";"Spirited Away";"2002"
"306";"Nowhere in Africa (Nirgendwo in Afrika)";"2002"
"307";"The ChubbChubbs!";"2002"
"308";"Twin Towers";"2002"
"309";"Bowling for Columbine";"2002"
"310";"8 Mile";"2002"
"311";"A Beautiful Mind";"2001"
"312";"The Lord of the Rings: The Fellowship of the Ring";"2001"
"313";"Moulin Rouge!";"2001"
"314";"Black Hawk Down";"2001"
"315";"Gosford Park";"2001"
"316";"Monsters, Inc.";"2001"
"317";"Pearl Harbor";"2001"
"318";"Iris";"2001"
"319";"Shrek";"2001"
"320";"Training Day";"2001"
"321";"Monster's Ball";"2001"
"322";"Thoth";"2001"
"323";"For the Birds";"2001"
"324";"No Man's Land";"2001"
"325";"Murder on a Sunday Morning (Un coupable idéal)";"2001"
"326";"The Accountant";"2001"
"327";"Gladiator";"2000"
"328";"Crouching Tiger, Hidden Dragon";"2000"
"329";"Traffic";"2000"
"330";"Erin Brockovich";"2000"
"331";"Almost Famous";"2000"
"332";"Wonder Boys";"2000"
"333";"How the Grinch Stole Christmas";"2000"
"334";"U-571";"2000"
"335";"Pollock";"2000"
"336";"Father and Daughter";"2000"
"337";"Into the Arms of Strangers: Stories of the Kindertransport";"2000"
"338";"Quiero ser (I want to be...)";"2000"
"339";"Big Mama";"2000"
"340";"American Beauty";"1999"
"341";"The Matrix";"1999"
"342";"The Cider House Rules";"1999"
"343";"Topsy-Turvy";"1999"
"344";"Sleepy Hollow";"1999"
"345";"Boys Don't Cry";"1999"
"346";"Tarzan";"1999"
"347";"One Day in September";"1999"
"348";"The Red Violin (Le violon rouge)";"1999"
"349";"The Old Man and the Sea";"1999"
"350";"My Mother Dreams the Satan's Disciples in New York";"1999"
"351";"King Gimp";"1999"
"352";"Girl, Interrupted";"1999"
"353";"All About My Mother (Todo sobre mi madre)";"1999"
"354";"Shakespeare in Love";"1998"
"355";"Saving Private Ryan";"1998"
"356";"Life Is Beautiful (La vita è bella)";"1998"
"357";"Elizabeth";"1998"
"358";"Gods and Monsters";"1998"
"359";"The Prince of Egypt";"1998"
"360";"Affliction";"1998"
"361";"What Dreams May Come";"1998"
"362";"The Personals";"1998"
"363";"The Last Days";"1998"
"364";"Election Night (Valgaften)";"1998"
"365";"Bunny";"1998"
"366";"Titanic";"1997"
"367";"Good Will Hunting";"1997"
"368";"L.A. Confidential";"1997"
"369";"As Good as It Gets";"1997"
"370";"The Full Monty";"1997"
"371";"Men in Black";"1997"
"372";"Visas and Virtue";"1997"
"373";"Character (Karakter)";"1997"
"374";"Geri's Game";"1997"
"375";"A Story of Healing";"1997"
"376";"The Long Way Home";"1997"
"377";"The English Patient";"1996"
"378";"Fargo";"1996"
"379";"Shine";"1996"
"380";"Evita";"1996"
"381";"Jerry Maguire";"1996"
"382";"Independence Day";"1996"
"383";"Emma";"1996"
"384";"Sling Blade";"1996"
"385";"The Ghost and the Darkness";"1996"
"386";"Kolya";"1996"
"387";"The Nutty Professor";"1996"
"388";"Quest";"1996"
"389";"When We Were Kings";"1996"
"390";"Breathing Lessons: The Life and Work of Mark O'Brien";"1996"
"391";"Dear Diary";"1996"
"392";"Braveheart";"1995"
"393";"Apollo 13";"1995"
"394";"Pocahontas";"1995"
"395";"The Usual Suspects";"1995"
"396";"Restoration";"1995"
"397";"Babe";"1995"
"398";"Sense and Sensibility";"1995"
"399";"Il Postino: The Postman";"1995"
"400";"Dead Man Walking";"1995"
"401";"Leaving Las Vegas";"1995"
"402";"Mighty Aphrodite";"1995"
"403";"Anne Frank Remembered";"1995"
"404";"A Close Shave";"1995"
"405";"Lieberman in Love";"1995"
"406";"One Survivor Remembers";"1995"
"407";"Antonia's Line (Antonia)";"1995"
"408";"Toy Story";"1995"
"409";"Forrest Gump";"1994"
"410";"The Lion King";"1994"
"411";"Speed";"1994"
"412";"Ed Wood";"1994"
"413";"Pulp Fiction";"1994"
"414";"Bullets Over Broadway";"1994"
"415";"The Madness of King George";"1994"
"416";"Legends of the Fall";"1994"
"417";"A Time for Justice";"1994"
"418";"Franz Kafka's It's a Wonderful Life";"1994"
"419";"Maya Lin: A Strong Clear Vision";"1994"
"420";"Burnt by the Sun (Utomlyonnye solntsem)";"1994"
"421";"Trevor";"1994"
"422";"The Adventures of Priscilla, Queen of the Desert";"1994"
"423";"Bob's Birthday";"1994"
"424";"Blue Sky";"1994"
"425";"Schindler's List";"1993"
"426";"The Piano";"1993"
"427";"Jurassic Park";"1993"
"428";"Philadelphia";"1993"
"429";"The Fugitive";"1993"
"430";"The Age of Innocence";"1993"
"431";"The Wrong Trousers";"1993"
"432";"Belle Epoque (The Beautiful Era)";"1993"
"433";"I Am a Promise: The Children of Stanton Elementary School";"1993"
"434";"Mrs. Doubtfire";"1993"
"435";"Black Rider (Schwarzfahrer)";"1993"
"436";"Defending Our Lives";"1993"
"437";"Unforgiven";"1992"
"438";"Howards End";"1992"
"439";"Bram Stoker's Dracula";"1992"
"440";"Aladdin";"1992"
"441";"The Crying Game";"1992"
"442";"Scent of a Woman";"1992"
"443";"A River Runs Through It";"1992"
"444";"Indochine";"1992"
"445";"My Cousin Vinny";"1992"
"446";"The Panama Deception";"1992"
"447";"Educating Peter";"1992"
"448";"The Last of the Mohicans";"1992"
"449";"Death Becomes Her";"1992"
"450";"Omnibus";"1992"
"451";"Mona Lisa Descending a Staircase";"1992"
"452";"The Silence of the Lambs";"1991"
"453";"Terminator 2: Judgment Day";"1991"
"454";"Bugsy";"1991"
"455";"JFK";"1991"
"456";"Beauty and the Beast";"1991"
"457";"Thelma & Louise";"1991"
"458";"The Fisher King";"1991"
"459";"In the Shadow of the Stars";"1991"
"460";"Manipulation";"1991"
"461";"Mediterraneo";"1991"
"462";"Session Man";"1991"
"463";"City Slickers";"1991"
"464";"Deadly Deception: General Electric, Nuclear Weapons and Our Environment";"1991"
"465";"Dances with Wolves";"1990"
"466";"Dick Tracy";"1990"
"467";"Ghost";"1990"
"468";"Goodfellas";"1990"
"469";"The Hunt for Red October";"1990"
"470";"Reversal of Fortune";"1990"
"471";"Cyrano de Bergerac";"1990"
"472";"American Dream";"1990"
"473";"Journey of Hope (Reise der Hoffnung)";"1990"
"474";"Days of Waiting";"1990"
"475";"Creature Comforts";"1990"
"476";"The Lunch Date";"1990"
"477";"Misery";"1990"
"478";"Total Recall";"1990"
"479";"Driving Miss Daisy";"1989"
"480";"Glory";"1989"
"481";"Born on the Fourth of July";"1989"
"482";"My Left Foot";"1989"
"483";"The Little Mermaid";"1989"
"484";"Dead Poets Society";"1989"
"485";"The Abyss";"1989"
"486";"Indiana Jones and the Last Crusade";"1989"
"487";"Henry V";"1989"
"488";"The Johnstown Flood";"1989"
"489";"Common Threads: Stories from the Quilt";"1989"
"490";"Cinema Paradiso";"1989"
"491";"Work Experience";"1989"
"492";"Batman";"1989"
"493";"Balance";"1989"
"494";"Rain Man";"1988"
"495";"Dangerous Liaisons";"1988"
"496";"Who Framed Roger Rabbit";"1988"
"497";"Mississippi Burning";"1988"
"498";"Working Girl";"1988"
"499";"The Accidental Tourist";"1988"
"500";"A Fish Called Wanda";"1988"
"501";"Pelle the Conqueror (Pelle erobreren)";"1988"
"502";"The Accused";"1988"
"503";"The Appointments of Dennis Jennings";"1988"
"504";"Beetlejuice";"1988"
"505";"Bird";"1988"
"506";"Hôtel Terminus: The Life and Times of Klaus Barbie";"1988"
"507";"The Milagro Beanfield War";"1988"
"508";"Tin Toy";"1988"
"509";"You Don't Have to Die";"1988"
"510";"The Last Emperor";"1987"
"511";"Moonstruck";"1987"
"512";"The Untouchables";"1987"
"513";"Babette's Feast (Babettes gæstebud)";"1987"
"514";"Dirty Dancing";"1987"
"515";"Harry and the Hendersons";"1987"
"516";"Innerspace";"1987"
"517";"The Man Who Planted Trees (L' Homme qui plantait des arbres)";"1987"
"518";"Ray's Male Heterosexual Dance Hall";"1987"
"519";"The Ten-Year Lunch";"1987"
"520";"Wall Street";"1987"
"521";"Young at Heart";"1987"
"522";"RoboCop";"1987"
"523";"Platoon";"1986"
"524";"A Room with a View";"1986"
"525";"Hannah and Her Sisters";"1986"
"526";"Aliens";"1986"
"527";"The Mission";"1986"
"528";"Children of a Lesser God";"1986"
"529";"The Color of Money";"1986"
"530";"Top Gun";"1986"
"531";"Round Midnight";"1986"
"532";"Artie Shaw: Time Is All You've Got";"1986"
"533";"The Assault (De Aanslag)";"1986"
"534";"Down and Out in America";"1986"
"535";"The Fly";"1986"
"536";"A Greek Tragedy";"1986"
"537";"Precious Images";"1986"
"538";"Women – for America, for the World";"1986"
"539";"Out of Africa";"1985"
"540";"Witness";"1985"
"541";"Cocoon";"1985"
"542";"Prizzi's Honor";"1985"
"543";"Back to the Future";"1985"
"544";"Kiss of the Spider Woman";"1985"
"545";"Ran";"1985"
"546";"The Official Story (La Historia Oficial)";"1985"
"547";"The Trip to Bountiful";"1985"
"548";"White Nights";"1985"
"549";"Anna & Bella";"1985"
"550";"Broken Rainbow";"1985"
"551";"Mask";"1985"
"552";"Molly's Pilgrim";"1985"
"553";"Witness to War: Dr. Charlie Clements";"1985"
"554";"Amadeus";"1984"
"555";"The Killing Fields";"1984"
"556";"A Passage to India";"1984"
"557";"Places in the Heart";"1984"
"558";"Indiana Jones and the Temple of Doom";"1984"
"559";"Charade";"1984"
"560";"Dangerous Moves (La Diagonale du fou)";"1984"
"561";"Purple Rain";"1984"
"562";"The Stone Carvers";"1984"
"563";"The Times of Harvey Milk";"1984"
"564";"Up";"1984"
"565";"The Woman in Red";"1984"
"566";"The River";"1984"
"567";"Terms of Endearment";"1983"
"568";"The Right Stuff";"1983"
"569";"Fanny & Alexander (Fanny och Alexander)";"1983"
"570";"Tender Mercies";"1983"
"571";"Yentl";"1983"
"572";"Flashdance";"1983"
"573";"Boys and Girls";"1983"
"574";"Flamenco at 5:15";"1983"
"575";"He Makes Me Feel Like Dancin'";"1983"
"576";"Sundae in New York";"1983"
"577";"The Year of Living Dangerously";"1983"
"578";"Return of the Jedi";"1983"
"579";"Gandhi";"1982"
"580";"E.T.: The Extra-Terrestrial";"1982"
"581";"An Officer and a Gentleman";"1982"
"582";"Tootsie";"1982"
"583";"Victor/Victoria";"1982"
"584";"Sophie's Choice";"1982"
"585";"Missing";"1982"
"586";"If You Love This Planet";"1982"
"587";"Just Another Missing Kid";"1982"
"588";"A Shocking Accident";"1982"
"589";"Tango";"1982"
"590";"To Begin Again (Volver a empezar)";"1982"
"591";"Quest for Fire";"1982"
"592";"Chariots of Fire";"1981"
"593";"Raiders of the Lost Ark";"1981"
"594";"Reds";"1981"
"595";"On Golden Pond";"1981"
"596";"Arthur";"1981"
"597";"An American Werewolf in London";"1981"
"598";"Close Harmony";"1981"
"599";"Crac";"1981"
"600";"Genocide";"1981"
"601";"Mephisto";"1981"
"602";"Violet";"1981"
"603";"Ordinary People";"1980"
"604";"Tess";"1980"
"605";"Raging Bull";"1980"
"606";"Fame";"1980"
"607";"Melvin and Howard";"1980"
"608";"Coal Miner's Daughter";"1980"
"609";"The Empire Strikes Back";"1980"
"610";"The Dollar Bottom";"1980"
"611";"The Fly (A Légy)";"1980"
"612";"From Mao to Mozart: Isaac Stern in China";"1980"
"613";"Karl Hess: Toward Liberty";"1980"
"614";"Moscow Does Not Believe in Tears";"1980"
"615";"Kramer vs. Kramer";"1979"
"616";"All That Jazz";"1979"
"617";"Apocalypse Now";"1979"
"618";"Norma Rae";"1979"
"619";"Breaking Away";"1979"
"620";"Alien";"1979"
"621";"Being There";"1979"
"622";"A Little Romance";"1979"
"623";"Best Boy";"1979"
"624";"Board and Care";"1979"
"625";"Every Child";"1979"
"626";"Paul Robeson: Tribute to an Artist";"1979"
"627";"The Tin Drum (Die Blechtrommel)";"1979"
"628";"The Black Stallion";"1979"
"629";"The Deer Hunter";"1978"
"630";"Coming Home";"1978"
"631";"Midnight Express";"1978"
"632";"Heaven Can Wait";"1978"
"633";"Days of Heaven";"1978"
"634";"California Suite";"1978"
"635";"The Buddy Holly Story";"1978"
"636";"Death on the Nile";"1978"
"637";"The Flight of the Gossamer Condor";"1978"
"638";"Get Out Your Handkerchiefs (Préparez vos mouchoirs)";"1978"
"639";"Scared Straight!";"1978"
"640";"Special Delivery";"1978"
"641";"Teenage Father";"1978"
"642";"Thank God It's Friday";"1978"
"643";"Superman";"1978"
"644";"Annie Hall";"1977"
"645";"Star Wars";"1977"
"646";"Julia";"1977"
"647";"Close Encounters of the Third Kind";"1977"
"648";"The Goodbye Girl";"1977"
"649";"A Little Night Music";"1977"
"650";"Gravity Is My Enemy";"1977"
"651";"I'll Find a Way";"1977"
"652";"Madame Rosa (La Vie devant soi)";"1977"
"653";"The Sand Castle (Le Château de sable)";"1977"
"654";"Who Are the DeBolts? And Where Did They Get Nineteen Kids?";"1977"
"655";"You Light Up My Life";"1977"
"656";"Rocky";"1976"
"657";"Network";"1976"
"658";"All the President's Men";"1976"
"659";"Bound for Glory";"1976"
"660";"A Star Is Born";"1976"
"661";"Fellini's Casanova (Il Casanova di Federico Fellini)";"1976"
"662";"The Omen";"1976"
"663";"Black and White in Color (Noirs et blancs en couleur)";"1976"
"664";"Harlan County, USA";"1976"
"665";"In the Region of Ice";"1976"
"666";"Leisure";"1976"
"667";"Number Our Days";"1976"
"668";"King Kong";"1976"
"669";"Logan's Run";"1976"
"670";"One Flew Over the Cuckoo's Nest";"1975"
"671";"Barry Lyndon";"1975"
"672";"Jaws";"1975"
"673";"Dog Day Afternoon";"1975"
"674";"Nashville";"1975"
"675";"Shampoo";"1975"
"676";"The Sunshine Boys";"1975"
"677";"Angel and Big Joe";"1975"
"678";"Dersu Uzala";"1975"
"679";"The End of the Game";"1975"
"680";"Great (Great (Isambard Kingdom Brunel))";"1975"
"681";"The Man Who Skied Down Everest";"1975"
"682";"The Hindenburg";"1975"
"683";"The Godfather: Part II";"1974"
"684";"The Towering Inferno";"1974"
"685";"The Great Gatsby";"1974"
"686";"Chinatown";"1974"
"687";"Murder on the Orient Express";"1974"
"688";"Earthquake";"1974"
"689";"Alice Doesn't Live Here Anymore";"1974"
"690";"Amarcord";"1974"
"691";"Harry and Tonto";"1974"
"692";"Closed Mondays";"1974"
"693";"Don't";"1974"
"694";"Hearts and Minds";"1974"
"695";"One-Eyed Men Are Kings (...borgnes sont rois, Les)";"1974"
"696";"The Sting";"1973"
"697";"The Exorcist";"1973"
"698";"The Way We Were";"1973"
"699";"Cries and Whispers (Viskningar och rop)";"1973"
"700";"A Touch of Class";"1973"
"701";"Day for Night (La Nuit américaine)";"1973"
"702";"Paper Moon";"1973"
"703";"The Paper Chase";"1973"
"704";"Save the Tiger";"1973"
"705";"The Bolero";"1973"
"706";"Frank Film";"1973"
"707";"The Great American Cowboy";"1973"
"708";"Princeton: A Search for Answers";"1973"
"709";"The Godfather";"1972"
"710";"Cabaret";"1972"
"711";"The Poseidon Adventure";"1972"
"712";"Travels with My Aunt";"1972"
"713";"Butterflies Are Free";"1972"
"714";"The Candidate";"1972"
"715";"The Discreet Charm of the Bourgeoisie (Le charme discret de la bourgeoisie)";"1972"
"716";"A Christmas Carol";"1972"
"717";"Limelight";"1972"
"718";"Marjoe";"1972"
"719";"Norman Rockwell's World... An American Dream";"1972"
"720";"This Tiny World";"1972"
"721";"The French Connection";"1971"
"722";"Fiddler on the Roof";"1971"
"723";"The Last Picture Show";"1971"
"724";"Nicholas and Alexandra";"1971"
"725";"Sentinels of Silence";"1971"
"726";"Bedknobs and Broomsticks";"1971"
"727";"Summer of '42";"1971"
"728";"The Garden of the Finzi-Continis (Il Giardino dei Finzi-Contini)";"1971"
"729";"The Hospital";"1971"
"730";"Klute";"1971"
"731";"Shaft";"1971"
"732";"The Crunch Bird";"1971"
"733";"The Hellstrom Chronicle";"1971"
"734";"Patton";"1970"
"735";"Ryan's Daughter";"1970"
"736";"Airport";"1970"
"737";"Love Story";"1970"
"738";"M*A*S*H";"1970"
"739";"Tora! Tora! Tora!";"1970"
"740";"Women in Love";"1970"
"741";"Lovers and Other Strangers";"1970"
"742";"Woodstock";"1970"
"743";"Cromwell";"1970"
"744";"Investigation of a Citizen Above Suspicion (Indagine su un cittadino al di sopra di ogni sospetto)";"1970"
"745";"Interviews with My Lai Veterans";"1970"
"746";"Is It Always Right to Be Right?";"1970"
"747";"Let It Be";"1970"
"748";"The Resurrection of Broncho Billy";"1970"
"749";"Midnight Cowboy";"1969"
"750";"Butch Cassidy and the Sundance Kid";"1969"
"751";"Hello, Dolly!";"1969"
"752";"Z";"1969"
"753";"Anne of the Thousand Days";"1969"
"754";"They Shoot Horses, Don't They?";"1969"
"755";"Marooned";"1969"
"756";"The Magic Machines";"1969"
"757";"The Prime of Miss Jean Brodie";"1969"
"758";"True Grit";"1969"
"759";"Arthur Rubinstein – The Love of Life (L'amour de la vie - Artur Rubinstein)";"1969"
"760";"Cactus Flower";"1969"
"761";"Czechoslovakia 1968";"1969"
"762";"It's Tough to Be a Bird";"1969"
"763";"Oliver!";"1968"
"764";"The Lion in Winter";"1968"
"765";"Romeo and Juliet";"1968"
"766";"Funny Girl";"1968"
"767";"2001: A Space Odyssey";"1968"
"768";"Bullitt";"1968"
"769";"The Producers";"1967"
"770";"Rosemary's Baby";"1968"
"771";"The Subject Was Roses";"1968"
"772";"The Thomas Crown Affair";"1968"
"773";"War and Peace (Voyna i mir)";"1968"
"774";"Charly";"1968"
"775";"Journey into Self";"1968"
"776";"Robert Kennedy Remembered";"1968"
"777";"Why Man Creates";"1968"
"778";"Winnie the Pooh and the Blustery Day";"1968"
"779";"Planet of the Apes";"1968"
"780";"In the Heat of the Night";"1967"
"781";"Camelot";"1967"
"782";"Bonnie and Clyde";"1967"
"783";"Guess Who's Coming to Dinner";"1967"
"784";"Doctor Dolittle";"1967"
"785";"The Graduate";"1967"
"786";"Thoroughly Modern Millie";"1967"
"787";"Cool Hand Luke";"1967"
"788";"The Dirty Dozen";"1967"
"789";"A Place to Stand";"1967"
"790";"The Anderson Platoon (La Section Anderson)";"1967"
"791";"The Box";"1967"
"792";"Closely Watched Trains (Ostre sledované vlaky)";"1967"
"793";"The Redwoods";"1967"
"794";"A Man for All Seasons";"1966"
"795";"Who's Afraid of Virginia Woolf?";"1966"
"796";"Grand Prix";"1966"
"797";"Fantastic Voyage";"1966"
"798";"A Man and a Woman";"1966"
"799";"Born Free";"1966"
"800";"The Fortune Cookie";"1966"
"801";"A Funny Thing Happened on the Way to the Forum";"1966"
"802";"A Herb Alpert and the Tijuana Brass Double Feature";"1966"
"803";"The War Game";"1966"
"804";"Wild Wings";"1966"
"805";"A Year Toward Tomorrow";"1966"
"806";"The Sound of Music";"1965"
"807";"Doctor Zhivago";"1965"
"808";"Darling";"1965"
"809";"Ship of Fools";"1965"
"810";"Cat Ballou";"1965"
"811";"The Great Race";"1965"
"812";"A Patch of Blue";"1965"
"813";"A Thousand Clowns";"1965"
"814";"The Shop on Main Street (Obchod na korze)";"1965"
"815";"The Sandpiper";"1965"
"816";"The Eleanor Roosevelt Story";"1965"
"817";"To Be Alive!";"1965"
"818";"7 Faces of Dr. Lao";"1964"
"819";"7th Heaven";"1927/28"
"820";"20,000 Leagues Under the Sea";"1954"
"821";"Adventures of Don Juan";"1949"
"822";"The Adventures of Robin Hood";"1938"
"823";"The African Queen";"1951"
"824";"Air Force";"1943"
"825";"The Alamo";"1960"
"826";"The Alaskan Eskimo";"1953"
"827";"Albert Schweitzer";"1957"
"828";"Alexander's Ragtime Band";"1938"
"829";"All About Eve";"1950"
"830";"All Quiet on the Western Front";"1929/30"
"831";"All That Money Can Buy";"1941"
"832";"All the King's Men";"1949"
"833";"Ama Girls";"1958"
"834";"America America";"1963"
"835";"An American in Paris";"1951"
"836";"Amphibious Fighters";"1943"
"837";"Anastasia";"1956"
"838";"Anchors Aweigh";"1945"
"839";"Anna and the King of Siam";"1946"
"840";"Annie Get Your Gun";"1950"
"841";"Anthony Adverse";"1936"
"842";"The Apartment";"1960"
"843";"Aquatic House Party";"1949"
"844";"Arise, My Love";"1940"
"845";"Around the World in 80 Days";"1956"
"846";"The Awful Truth";"1937"
"847";"The Bachelor and the Bobby-Soxer";"1947"
"848";"The Bad and the Beautiful";"1952"
"849";"Bad Girl";"1931/32"
"850";"The Barefoot Contessa";"1954"
"851";"The Battle of Midway";"1942"
"852";"Battleground";"1949"
"853";"Bear Country";"1953"
"854";"Becket";"1964"
"855";"The Bells of St. Mary's";"1945"
"856";"Ben-Hur";"1959"
"857";"Benjy";"1951"
"858";"The Bespoke Overcoat";"1956"
"859";"The Best Years of Our Lives";"1946"
"860";"Beyond the Line of Duty";"1942"
"861";"Bicycle Thieves";"1949"
"862";"The Big Broadcast of 1938";"1938"
"863";"The Big Country";"1958"
"864";"The Big House";"1929/30"
"865";"Bill and Coo";"1948"
"866";"Birds Anonymous";"1957"
"867";"The Bishop's Wife";"1947"
"868";"Black Fox: The Rise and Fall of Adolf Hitler (The Black Fox)";"1962"
"869";"Black Narcissus";"1947"
"870";"Black Orpheus (Orfeu Negro)";"1959"
"871";"The Black Swan";"1942"
"872";"Blithe Spirit";"1946"
"873";"Blood and Sand";"1941"
"874";"Blood on the Sun";"1945"
"875";"Blossoms in the Dust";"1941"
"876";"Body and Soul";"1947"
"877";"Bored of Education";"1936"
"878";"Born Yesterday";"1950"
"879";"A Boy and His Dog";"1946"
"880";"Boys Town";"1938"
"881";"The Brave One";"1956"
"882";"Breakfast at Tiffany's";"1961"
"883";"Breaking the Sound Barrier";"1952"
"884";"The Bridge of San Luis Rey";"1928/29"
"885";"The Bridge on the River Kwai";"1957"
"886";"The Bridges at Toko-Ri";"1955"
"887";"Broadway Melody of 1936";"1935"
"888";"The Broadway Melody";"1928/29"
"889";"Broken Lance";"1954"
"890";"Busy Little Bears";"1939"
"891";"BUtterfield 8";"1960"
"892";"Calamity Jane";"1953"
"893";"Call Me Madam";"1953"
"894";"Captain Carey, U.S.A.";"1950"
"895";"Captains Courageous";"1937"
"896";"Casablanca";"1943"
"897";"Casals Conducts: 1964";"1964"
"898";"The Cat Concerto";"1946"
"899";"Cavalcade";"1932/33"
"900";"Chagall";"1963"
"901";"The Champ";"1931/32"
"902";"Champion";"1949"
"903";"A Chance to Live";"1949"
"904";"The Charge of the Light Brigade";"1936"
"905";"The Chicken (Le Poulet)";"1965"
"906";"Churchill's Island";"1941"
"907";"Cimarron";"1930/31"
"908";"The Circus";"1927/28"
"909";"Citizen Kane";"1941"
"910";"City of Wax";"1934"
"911";"Cleopatra";"1934"
"912";"Cleopatra";"1963"
"913";"Climbing the Matterhorn";"1947"
"914";"Come and Get It";"1936"
"915";"Come Back, Little Sheba";"1952"
"916";"Coquette";"1928/29"
"917";"The Country Cousin";"1936"
"918";"The Country Girl";"1954"
"919";"Cover Girl";"1944"
"920";"The Cowboy and the Lady";"1938"
"921";"Crash Dive";"1943"
"922";"Crashing the Water Barrier";"1956"
"923";"The Critic";"1963"
"924";"La Cucaracha";"1934"
"925";"Cyrano de Bergerac";"1950"
"926";"A Damsel in Distress";"1937"
"927";"Dangerous";"1935"
"928";"The Dark Angel";"1935"
"929";"The Dawn Patrol";"1930/31"
"930";"Day of the Painter";"1960"
"931";"Daybreak in Udi";"1949"
"932";"Days of Wine and Roses";"1962"
"933";"December 7th";"1943"
"934";"Declaration of Independence";"1938"
"935";"The Defiant Ones";"1958"
"936";"Der Fuehrer's Face";"1942"
"937";"Desert Victory";"1943"
"938";"Design for Death";"1947"
"939";"Designing Woman";"1957"
"940";"Destination Moon";"1950"
"941";"The Diary of Anne Frank";"1959"
"942";"Disraeli";"1929/30"
"943";"The Divine Lady";"1928/29"
"944";"Divorce Italian Style";"1962"
"945";"The Divorcee";"1929/30"
"946";"Dodsworth";"1936"
"947";"The Dot and the Line (The Dot and the Line: A Romance in Lower Mathematics)";"1965"
"948";"A Double Life";"1947"
"949";"The Dove";"1927/28"
"950";"Dr. Jekyll and Mr. Hyde";"1931/32"
"951";"Dumbo";"1941"
"952";"Dylan Thomas";"1962"
"953";"East of Eden";"1955"
"954";"Easter Parade";"1948"
"955";"Elmer Gantry";"1960"
"956";"The Enemy Below";"1957"
"957";"Eskimo";"1934"
"958";"Exodus";"1960"
"959";"The Face of Lincoln";"1955"
"960";"Facing Your Danger";"1946"
"961";"The Facts of Life";"1960"
"962";"Fantasia";"1940"
"963";"A Farewell to Arms";"1932/33"
"964";"The Farmer's Daughter";"1947"
"965";"Father Goose";"1964"
"966";"Federico Fellini's 8½";"1963"
"967";"Ferdinand the Bull";"1938"
"968";"The Fighting Lady";"1944"
"969";"First Steps";"1947"
"970";"Flowers and Trees";"1931/32"
"971";"Folies Bergere";"1935"
"972";"For Scent-imental Reasons";"1949"
"973";"For Whom the Bell Tolls";"1943"
"974";"Forbidden Games";"1952"
"975";"A Force in Readiness";"1961"
"976";"A Free Soul";"1930/31"
"977";"Frenchman's Creek";"1945"
"978";"From Here to Eternity";"1953"
"979";"The Garden of Allah";"1936"
"980";"Gaslight";"1944"
"981";"Gate of Hell (Jigokumon)";"1954"
"982";"The Gay Divorcee";"1934"
"983";"Gentleman's Agreement";"1947"
"984";"Gerald McBoing-Boing";"1950"
"985";"Giant";"1956"
"986";"Gigi";"1958"
"987";"Giuseppina";"1960"
"988";"Give Me Liberty";"1936"
"989";"Glass (Glas)";"1959"
"990";"The Glenn Miller Story";"1954"
"991";"Going My Way";"1944"
"992";"Gold Diggers of 1935";"1935"
"993";"The Golden Fish (Histoire d'un poisson rouge)";"1959"
"994";"Goldfinger";"1964"
"995";"Gone with the Wind";"1939"
"996";"The Good Earth";"1937"
"997";"Goodbye, Miss Turlock";"1947"
"998";"Goodbye, Mr. Chips";"1939"
"999";"Grand Canyon";"1958"
"1000";"Grand Hotel";"1931/32"
"1001";"Grandad of Races";"1950"
"1002";"The Grapes of Wrath";"1940"
"1003";"The Great Caruso";"1951"
"1004";"Great Expectations";"1947"
"1005";"The Great Lie";"1941"
"1006";"The Great McGinty";"1940"
"1007";"The Great Waltz";"1938"
"1008";"The Great Ziegfeld";"1936"
"1009";"The Greatest Show on Earth";"1952"
"1010";"Green Dolphin Street";"1947"
"1011";"The Guns of Navarone";"1961"
"1012";"Hamlet";"1948"
"1013";"Happy Anniversary (Heureux Anniversaire)";"1962"
"1014";"Harvey";"1950"
"1015";"The Harvey Girls";"1946"
"1016";"Heavenly Music";"1943"
"1017";"The Heiress";"1949"
"1018";"Helen Keller in Her Story (The Unconquered)";"1955"
"1019";"Hello, Frisco, Hello";"1943"
"1020";"Henry V";"1946"
"1021";"Here Comes Mr. Jordan";"1941"
"1022";"Here Comes the Groom";"1951"
"1023";"The High and the Mighty";"1954"
"1024";"High Noon";"1952"
"1025";"Hitler Lives";"1945"
"1026";"A Hole in the Head";"1959"
"1027";"The Hole";"1962"
"1028";"Holiday Inn";"1942"
"1029";"The Horse with the Flying Tail";"1960"
"1030";"The House I Live In";"1945"
"1031";"The House on 92nd Street";"1945"
"1032";"How Green Was My Valley";"1941"
"1033";"How the West Was Won";"1963"
"1034";"How to Sleep";"1935"
"1035";"Hud";"1963"
"1036";"The Human Comedy";"1943"
"1037";"The Hurricane";"1937"
"1038";"The Hustler";"1961"
"1039";"I Want to Live!";"1958"
"1040";"I Wanted Wings";"1941"
"1041";"I Won't Play";"1944"
"1042";"I'll Cry Tomorrow";"1955"
"1043";"In Beaver Valley";"1950"
"1044";"In Old Arizona";"1928/29"
"1045";"In Old Chicago";"1937"
"1046";"In Which We Serve";"1942"
"1047";"The Informer";"1935"
"1048";"Interrupted Melody";"1955"
"1049";"The Invaders";"1942"
"1050";"Irma la Douce";"1963"
"1051";"It Happened One Night";"1934"
"1052";"It's a Mad, Mad, Mad, Mad World";"1963"
"1053";"The Jazz Singer";"1927/28"
"1054";"Jezebel";"1938"
"1055";"Joan of Arc";"1948"
"1056";"Johann Mouse";"1952"
"1057";"Johnny Belinda";"1948"
"1058";"Johnny Eager";"1942"
"1059";"The Joker Is Wild";"1957"
"1060";"The Jolson Story";"1946"
"1061";"Judgment at Nuremberg";"1961"
"1062";"Julius Caesar";"1953"
"1063";"Kentucky";"1938"
"1064";"Key Largo";"1948"
"1065";"The King and I";"1956"
"1066";"King of Jazz";"1929/30"
"1067";"King Solomon's Mines";"1950"
"1068";"Kitty Foyle (Kitty Foyle: The Natural History of a Woman)";"1940"
"1069";"Knighty Knight Bugs";"1958"
"1070";"Kokoda Front Line!";"1942"
"1071";"Kon-Tiki";"1950"
"1072";"Krakatoa";"1932/33"
"1073";"Kukan";"1941"
"1074";"La Strada (The Road)";"1956"
"1075";"La Dolce Vita";"1961"
"1076";"Lady Be Good";"1941"
"1077";"The Last Command";"1927/28"
"1078";"Laura";"1944"
"1079";"The Lavender Hill Mob";"1952"
"1080";"Lawrence of Arabia";"1962"
"1081";"Leave Her to Heaven";"1945"
"1082";"Lend a Paw";"1941"
"1083";"Les Girls";"1957"
"1084";"A Letter to Three Wives";"1949"
"1085";"The Life of Emile Zola";"1937"
"1086";"Light in the Window";"1952"
"1087";"Lili";"1953"
"1088";"Lilies of the Field";"1963"
"1089";"The Little Kidnappers (The Kidnappers)";"1954"
"1090";"The Little Orphan";"1948"
"1091";"Little Women";"1932/33"
"1092";"Little Women";"1949"
"1093";"The Lives of a Bengal Lancer";"1935"
"1094";"The Living Desert";"1953"
"1095";"The Longest Day";"1962"
"1096";"Lost Horizon";"1937"
"1097";"The Lost Weekend";"1945"
"1098";"Love Is a Many-Splendored Thing";"1955"
"1099";"Love Me or Leave Me";"1955"
"1100";"Lust for Life";"1956"
"1101";"Magoo's Puddle Jumper";"1956"
"1102";"Main Street on the March!";"1941"
"1103";"The Man Who Knew Too Much";"1956"
"1104";"Manhattan Melodrama";"1934"
"1105";"Marie-Louise";"1945"
"1106";"Marty";"1955"
"1107";"Mary Poppins";"1964"
"1108";"Men Against the Arctic";"1955"
"1109";"The Merry Widow";"1934"
"1110";"A Midsummer Night's Dream";"1935"
"1111";"Mighty Joe Young";"1949"
"1112";"Mildred Pierce";"1945"
"1113";"The Milky Way";"1940"
"1114";"Min and Bill";"1930/31"
"1115";"Miracle on 34th Street";"1947"
"1116";"The Miracle Worker";"1962"
"1117";"Mister Roberts";"1955"
"1118";"Monsieur Vincent";"1948"
"1119";"Moonbird";"1959"
"1120";"The More the Merrier";"1943"
"1121";"Morning Glory";"1932/33"
"1122";"Moscow Strikes Back";"1942"
"1123";"Mother Wore Tights";"1947"
"1124";"Moulin Rouge";"1952"
"1125";"Mouse Trouble";"1944"
"1126";"Mr. Deeds Goes to Town";"1936"
"1127";"Mr. Smith Goes to Washington";"1939"
"1128";"Mrs. Miniver";"1942"
"1129";"Munro";"1960"
"1130";"The Music Box";"1931/32"
"1131";"The Music Man";"1962"
"1132";"Mutiny on the Bounty";"1935"
"1133";"My Fair Lady";"1964"
"1134";"My Uncle (Mon oncle)";"1958"
"1135";"My Gal Sal";"1942"
"1136";"The Naked City";"1948"
"1137";"National Velvet";"1945"
"1138";"Nature's Half Acre";"1951"
"1139";"Naughty Marietta";"1935"
"1140";"Neighbours";"1952"
"1141";"Neptune's Daughter";"1949"
"1142";"Never on Sunday (Pote tin Kyriaki)";"1960"
"1143";"The Night of the Iguana";"1964"
"1144";"Nights of Cabiria (Le Notti di Cabiria)";"1957"
"1145";"Nine from Little Rock";"1964"
"1146";"None But the Lonely Heart";"1944"
"1147";"North West Mounted Police";"1940"
"1148";"Now, Voyager";"1942"
"1149";"An Occurrence at Owl Creek Bridge";"1963"
"1150";"Of Pups and Puzzles";"1941"
"1151";"Oklahoma!";"1955"
"1152";"The Old Man and the Sea";"1958"
"1153";"The Old Mill";"1937"
"1154";"On the Town";"1949"
"1155";"On the Waterfront";"1954"
"1156";"One Hundred Men and a Girl";"1937"
"1157";"One Night of Love";"1934"
"1158";"One Way Passage";"1932/33"
"1159";"Overture to The Merry Wives of Windsor";"1953"
"1160";"The Paleface";"1948"
"1161";"Panic in the Streets";"1950"
"1162";"Papa's Delicate Condition";"1963"
"1163";"The Patriot";"1928/29"
"1164";"Penny Wisdom";"1937"
"1165";"Phantom of the Opera";"1943"
"1166";"The Philadelphia Story";"1940"
"1167";"Picnic";"1955"
"1168";"The Picture of Dorian Gray";"1945"
"1169";"Pillow Talk";"1959"
"1170";"The Pink Phink";"1964"
"1171";"Pinocchio";"1940"
"1172";"A Place in the Sun";"1951"
"1173";"Plymouth Adventure";"1952"
"1174";"Pollyanna";"1960"
"1175";"Porgy and Bess";"1959"
"1176";"Portrait of Jennie";"1948"
"1177";"Prelude to War";"1942"
"1178";"Pride and Prejudice";"1940"
"1179";"The Pride of the Yankees";"1942"
"1180";"Princess O'Rourke";"1943"
"1181";"The Private Life of Henry VIII";"1932/33"
"1182";"The Private Life of the Gannets";"1937"
"1183";"Project Hope";"1961"
"1184";"The Public Pays";"1936"
"1185";"Pygmalion";"1938"
"1186";"Quicker'n a Wink";"1940"
"1187";"The Quiet Man";"1952"
"1188";"Quiet Please!";"1945"
"1189";"The Rains Came";"1939"
"1190";"Rashomon";"1951"
"1191";"The Razor's Edge";"1946"
"1192";"Reap the Wild Wind";"1942"
"1193";"Rebecca";"1940"
"1194";"The Red Balloon (Le ballon rouge)";"1956"
"1195";"The Red Shoes";"1948"
"1196";"The Robe";"1953"
"1197";"Robert Frost: A Lover's Quarrel with the World";"1963"
"1198";"Roman Holiday";"1953"
"1199";"Room at the Top";"1959"
"1200";"The Rose Tattoo";"1955"
"1201";"Sabrina";"1954"
"1202";"Samson and Delilah";"1950"
"1203";"Samurai I: Musashi Miyamoto (Miyamoto Musashi)";"1955"
"1204";"San Francisco";"1936"
"1205";"Sayonara";"1957"
"1206";"The Scoundrel";"1935"
"1207";"The Sea Around Us";"1952"
"1208";"Seal Island";"1948"
"1209";"The Search";"1948"
"1210";"Seawards the Great Ships";"1961"
"1211";"The Secret Land";"1948"
"1212";"Seeds of Destiny";"1946"
"1213";"Separate Tables";"1958"
"1214";"Serengeti Shall Not Die (Serengeti darf nicht sterben)";"1959"
"1215";"Sergeant York";"1941"
"1216";"Seven Brides for Seven Brothers";"1954"
"1217";"Seven Days to Noon";"1951"
"1218";"The Seventh Veil";"1946"
"1219";"Shane";"1953"
"1220";"Shanghai Express";"1931/32"
"1221";"She Wore a Yellow Ribbon";"1949"
"1222";"Shoeshine (Sciuscià)";"1947"
"1223";"The Silent World (Le Monde du silence)";"1956"
"1224";"The Sin of Madelon Claudet";"1931/32"
"1225";"Since You Went Away";"1944"
"1226";"Skippy";"1930/31"
"1227";"Sky Above and Mud Beneath (Le Ciel et la boue)";"1961"
"1228";"The Snake Pit";"1948"
"1229";"Snow White and the Seven Dwarfs";"1937"
"1230";"So Much for So Little";"1949"
"1231";"So This Is Harris!";"1932/33"
"1232";"The Solid Gold Cadillac";"1956"
"1233";"Some Like It Hot";"1959"
"1234";"Somebody Up There Likes Me";"1956"
"1235";"The Song of Bernadette";"1943"
"1236";"Song of the South";"1947"
"1237";"Song Without End";"1960"
"1238";"Sons and Lovers";"1960"
"1239";"Sons of Liberty";"1939"
"1240";"South Pacific";"1958"
"1241";"Spartacus";"1960"
"1242";"Spawn of the North";"1938"
"1243";"Speaking of Animals and Their Families";"1942"
"1244";"Speedy Gonzales";"1955"
"1245";"Spellbound";"1945"
"1246";"Splendor in the Grass";"1961"
"1247";"Stagecoach";"1939"
"1248";"Stairway to Light";"1945"
"1249";"Stalag 17";"1953"
"1250";"Star in the Night";"1945"
"1251";"A Star Is Born";"1937"
"1252";"State Fair";"1945"
"1253";"The Story of Louis Pasteur";"1936"
"1254";"The Stratton Story";"1949"
"1255";"Street Angel";"1927/28"
"1256";"A Streetcar Named Desire";"1951"
"1257";"Strike Up the Band";"1940"
"1258";"The Substitute";"1961"
"1259";"Sundays and Cybele (Le Dimanches de Ville d'Avray)";"1962"
"1260";"Sunrise";"1927/28"
"1261";"Sunset Boulevard";"1950"
"1262";"Survival City";"1955"
"1263";"Suspicion";"1941"
"1264";"Sweet Bird of Youth";"1962"
"1265";"Sweethearts";"1938"
"1266";"Swing Time";"1936"
"1267";"Symphony of a City";"1948"
"1268";"Tabu";"1930/31"
"1269";"Target for Tonight";"1941"
"1270";"Teddy, the Rough Rider";"1940"
"1271";"Tempest";"1927/28"
"1272";"The Ten Commandments";"1956"
"1273";"That Hamilton Woman";"1941"
"1274";"That Mothers Might Live";"1938"
"1275";"The Thief of Bagdad";"1940"
"1276";"The Third Man";"1950"
"1277";"Thirty Seconds Over Tokyo";"1944"
"1278";"This Above All";"1942"
"1279";"This Is the Army";"1943"
"1280";"This Land Is Mine";"1943"
"1281";"This Mechanical Age";"1954"
"1282";"Three Coins in the Fountain";"1954"
"1283";"The Three Faces of Eve";"1957"
"1284";"Three Little Pigs";"1932/33"
"1285";"Three Orphan Kittens";"1935"
"1286";"Through a Glass Darkly (Såsom i en spegel)";"1961"
"1287";"Thunderball";"1965"
"1288";"Thursday's Children";"1954"
"1289";"The Time Machine";"1960"
"1290";"A Time Out of War";"1954"
"1291";"Tin Pan Alley";"1940"
"1292";"The Titan: Story of Michelangelo";"1950"
"1293";"Titanic";"1953"
"1294";"To Catch a Thief";"1955"
"1295";"To Each His Own";"1946"
"1296";"To Kill a Mockingbird";"1962"
"1297";"Tom Jones";"1963"
"1298";"tom thumb";"1958"
"1299";"Toot, Whistle, Plunk and Boom";"1953"
"1300";"Topkapi";"1964"
"1301";"The Tortoise and the Hare";"1934"
"1302";"Torture Money";"1937"
"1303";"Toward Independence";"1948"
"1304";"Transatlantic";"1931/32"
"1305";"The Treasure of the Sierra Madre";"1948"
"1306";"A Tree Grows in Brooklyn";"1945"
"1307";"The True Glory";"1945"
"1308";"The True Story of the Civil War";"1956"
"1309";"Tweetie Pie";"1947"
"1310";"Twelve O'Clock High";"1949"
"1311";"Two Arabian Knights";"1927/28"
"1312";"The Two Mouseketeers";"1951"
"1313";"Two Women (La Ciociara)";"1961"
"1314";"The Ugly Duckling";"1939"
"1315";"Underworld";"1927/28"
"1316";"The V.I.P.s";"1963"
"1317";"Vacation from Marriage (UK title Perfect Strangers)";"1946"
"1318";"Van Gogh";"1949"
"1319";"The Vanishing Prairie";"1954"
"1320";"The Virgin Spring (Jungfrukällan)";"1960"
"1321";"Viva Villa!";"1934"
"1322";"Viva Zapata!";"1952"
"1323";"Waikiki Wedding";"1937"
"1324";"The Walls of Malapaga";"1950"
"1325";"The War of the Worlds";"1953"
"1326";"Watch on the Rhine";"1943"
"1327";"Water Birds";"1952"
"1328";"The Way of All Flesh";"1927/28"
"1329";"West Side Story";"1961"
"1330";"The Westerner";"1940"
"1331";"The Wetback Hound";"1957"
"1332";"What Ever Happened to Baby Jane?";"1962"
"1333";"When Tomorrow Comes";"1939"
"1334";"When Magoo Flew";"1954"
"1335";"When Worlds Collide";"1951"
"1336";"White Shadows in the South Seas";"1928/29"
"1337";"White Wilderness";"1958"
"1338";"Who's Who in Animal Land";"1944"
"1339";"Why Korea?";"1950"
"1340";"Wilson";"1944"
"1341";"Wings";"1927/28"
"1342";"Wings Over Everest";"1935"
"1343";"With a Song in My Heart";"1952"
"1344";"With Byrd at the South Pole";"1929/30"
"1345";"With the Marines at Tarawa";"1944"
"1346";"The Wizard of Oz";"1939"
"1347";"Woman of the Year";"1942"
"1348";"Wonder Man";"1945"
"1349";"The Wonderful World of the Brothers Grimm";"1962"
"1350";"World of Kids";"1951"
"1351";"World Without Sun (Le Monde sans soleil)";"1964"
"1352";"Wrestling Swordfish";"1931/32"
"1353";"Written on the Wind";"1956"
"1354";"Wuthering Heights";"1939"
"1355";"Yankee Doodle Dandy";"1942"
"1356";"The Yankee Doodle Mouse";"1943"
"1357";"The Yearling";"1946"
"1358";"Yesterday, Today and Tomorrow (Ieri, oggi, domani)";"1964"
"1359";"You Can't Take It with You";"1938"
"1360";"Zorba the Greek (Alexis Zorbas)";"1964"
